{
    "AC": "http:\/\/sefaznet.ac.gov.br\/nfce\/consulta.xhtml",
    "AL": "http:\/\/nfce.sefaz.al.gov.br\/consultaNFCe.htm",
    "AM": "http:\/\/sistemas.sefaz.am.gov.br\/nfceweb\/formConsulta.do",
    "AP": "http:\/\/www.sefaz.ap.gov.br\/sate\/seg\/SEGf_AcessarFuncao.jsp?cdFuncao=FIS_1261",
    "BA": "http:\/\/nfe.sefaz.ba.gov.br\/servicos\/nfce\/Modulos\/Geral\/NFCEC_consulta_chave_acesso.aspx",
    "CE": "http:\/\/www.nfce.se.gov.br\/portal\/portalNoticias.jsp",
    "DF": "https:\/\/dec.fazenda.df.gov.br\/NFCE\/",
    "ES": "http:\/\/app.sefaz.es.gov.br\/ConsultaNFCe",
    "GO": "http:\/\/www.nfce.go.gov.br\/post\/ver\/214344\/consulta-nfce",
    "MA": "http:\/\/www.nfce.sefaz.ma.gov.br\/portal\/consultaNFe.do?method=preFilterCupom&",
    "MG": "",
    "MS": "http:\/\/www.dfe.ms.gov.br\/nfce\/",
    "MT": "https:\/\/www.sefaz.mt.gov.br\/nfce\/consultanfce",
    "PA": "https:\/\/appnfc.sefa.pa.gov.br\/portal\/view\/consultas\/nfce\/consultanfce.seam",
    "PB": "https:\/\/www.receita.pb.gov.br\/ser\/servirtual\/documentos-fiscais\/nfc-e\/consultar-nfc-e",
    "PE": "http:\/\/nfce.sefaz.pe.gov.br\/nfce-web\/entradaConsNfce?tp=C",
    "PI": "http:\/\/webas.sefaz.pi.gov.br\/nfceweb\/",
    "PR": "http:\/\/www.sped.fazenda.pr.gov.br\/modules\/conteudo\/conteudo.php?conteudo=100",
    "RJ": "http:\/\/www4.fazenda.rj.gov.br\/consultaDFe\/paginas\/consultaChaveAcesso.faces",
    "RN": "http:\/\/nfce.set.rn.gov.br\/portalDFE\/NFCe\/ConsultaNFCe.aspx",
    "RO": "http:\/\/www.nfce.sefin.ro.gov.br\/home.jsp",
    "RR": "https:\/\/www.sefaz.rr.gov.br\/nfce\/servlet\/wp_consulta_nfce",
    "RS": "https:\/\/www.sefaz.rs.gov.br\/NFE\/NFE-COM.aspx",
    "SC": "http:\/\/nfe.sef.sc.gov.br\/index.php?option=com_wrapper&Itemid=50",
    "SE": "http:\/\/www.nfce.se.gov.br\/portal\/portalNoticias.jsp?jsp=barra-menu\/servicos\/consultaDANFENFCe.htm",
    "SP": "https:\/\/www.nfce.fazenda.sp.gov.br\/NFCeConsultaPublica\/Paginas\/ConsultaPublica.aspx",
    "TO": "https:\/\/www.sefaz.rs.gov.br\/NFE\/NFE-COM.aspx?"
}