<?xml version="1.0" encoding="utf-8"?>
<WS xmlns:xsi="http://www.w3.org/2001/XMLSchema-instance">
  <UF>
    <sigla>AC</sigla>
    <!-- NOTA: AC usa o SVRS -->
    <homologacao>
      <NfeConsultaQR method="QR-CODE" operation="NfeConsultaQR" version="100">http://hml.sefaznet.ac.gov.br/nfce/qrcode</NfeConsultaQR>
    </homologacao>
    <producao>
      <NfeConsultaQR method="QR-CODE" operation="NfeConsultaQR" version="100">http://www.sefaznet.ac.gov.br/nfce/qrcode</NfeConsultaQR>
    </producao>
  </UF>
  <UF>
    <sigla>AL</sigla>
    <!-- NOTA: AL usa o SVRS -->
    <homologacao>
      <NfeConsultaQR method="QR-CODE" operation="NfeConsultaQR" version="100">http://nfce.sefaz.al.gov.br/QRCode/consultarNFCe.jsp</NfeConsultaQR>
    </homologacao>
    <producao>
      <NfeConsultaQR method="QR-CODE" operation="NfeConsultaQR" version="100">http://nfce.sefaz.al.gov.br/QRCode/consultarNFCe.jsp</NfeConsultaQR>
    </producao>
  </UF>
  <UF>
    <sigla>AM</sigla>
    <homologacao>
        <!-- NOTA: este ambiente de homologação serve apenas a inscritos no estado do Amazonas -->
       <NfeAutorizacao method="nfeAutorizacaoLote" operation="NfeAutorizacao" version="3.10">https://homnfce.sefaz.am.gov.br/nfce-services/services/NfeAutorizacao</NfeAutorizacao>
       <NfeRetAutorizacao method="nfeRetAutorizacaoLote" operation="NfeRetAutorizacao" version="3.10">https://homnfce.sefaz.am.gov.br/nfce-services/services/NfeRetAutorizacao</NfeRetAutorizacao>
       <NfeInutilizacao  method="nfeInutilizacaoNF2" operation="NfeInutilizacao2" version="3.10">https://homnfce.sefaz.am.gov.br/nfce-services/services/NfeInutilizacao2</NfeInutilizacao>
       <NfeConsultaProtocolo method="nfeConsultaNF2" operation="NfeConsulta2" version="3.10">https://homnfce.sefaz.am.gov.br/nfce-services/services/NfeConsulta2</NfeConsultaProtocolo>
       <NfeStatusServico method="nfeStatusServicoNF2" operation="NfeStatusServico2" version="3.10">https://homnfce.sefaz.am.gov.br/nfce-services/services/NfeStatusServico2</NfeStatusServico>
       <RecepcaoEvento  method="nfeRecepcaoEvento" operation="RecepcaoEvento" version="1.00">https://homnfce.sefaz.am.gov.br/nfce-services/services/RecepcaoEvento</RecepcaoEvento>
       <NfeConsultaQR method="QR-CODE" operation="NfeConsultaQR" version="100">http://homnfce.sefaz.am.gov.br/nfceweb/consultarNFCe.jsp</NfeConsultaQR>
       <CscNFCe method="admCscNFCe" operation="CscNFCe" version="1.00">https://homnfce.sefaz.am.gov.br/nfce-services/services/CscNFCe</CscNFCe>
       <NfeConsultaCadastro method="consultaCadastro2" operation="NfeConsultaCadastro" version="3.10"></NfeConsultaCadastro>
       <NfeConsultaDest method="nfeConsultaNFDest" operation="NfeConsultaDest" version="3.10"></NfeConsultaDest>
       <NfeDownloadNF method="nfeDownloadNF" operation="NfeDownloadNF" version="3.10"></NfeDownloadNF>
       <RecepcaoEPEC method="nfeRecepcaoEvento" operation="RecepcaoEvento" version="1.00"></RecepcaoEPEC>
       <NfeStatusEPEC method="nfeStatusServicoNF2" operation="NfeStatusServico2" version="3.10"></NfeStatusEPEC>       
    </homologacao>
    <producao>
       <NfeAutorizacao method="nfeAutorizacaoLote" operation="NfeAutorizacao" version="3.10">https://nfce.sefaz.am.gov.br/nfce-services/services/NfeAutorizacao</NfeAutorizacao>
       <NfeRetAutorizacao method="nfeRetAutorizacaoLote" operation="NfeRetAutorizacao" version="3.10">https://nfce.sefaz.am.gov.br/nfce-services/services/NfeRetAutorizacao</NfeRetAutorizacao>
       <NfeInutilizacao  method="nfeInutilizacaoNF2" operation="NfeInutilizacao2" version="3.10">https://nfce.sefaz.am.gov.br/nfce-services/services/NfeInutilizacao2</NfeInutilizacao>
       <NfeConsultaProtocolo method="nfeConsultaNF2" operation="NfeConsulta2" version="3.10">https://nfce.sefaz.am.gov.br/nfce-services/services/NfeConsulta2</NfeConsultaProtocolo>
       <NfeStatusServico method="nfeStatusServicoNF2" operation="NfeStatusServico2" version="3.10">https://nfce.sefaz.am.gov.br/nfce-services/services/NfeStatusServico2</NfeStatusServico>
       <RecepcaoEvento  method="nfeRecepcaoEvento" operation="RecepcaoEvento" version="1.00">https://nfce.sefaz.am.gov.br/nfce-services/services/RecepcaoEvento</RecepcaoEvento>
       <NfeConsultaQR method="QR-CODE" operation="NfeConsultaQR" version="100">https://sistemas.sefaz.am.gov.br/nfceweb/consultarNFCe.jsp</NfeConsultaQR>
       <CscNFCe method="admCscNFCe" operation="CscNFCe" version="1.00">https://nfce.sefaz.am.gov.br/nfce-services/services/CscNFCe</CscNFCe>
       <NfeConsultaCadastro method="consultaCadastro2" operation="NfeConsultaCadastro" version="3.10"></NfeConsultaCadastro>
       <NfeConsultaDest method="nfeConsultaNFDest" operation="NfeConsultaDest" version="3.10"></NfeConsultaDest>
       <NfeDownloadNF method="nfeDownloadNF" operation="NfeDownloadNF" version="3.10"></NfeDownloadNF>
       <RecepcaoEPEC method="nfeRecepcaoEvento" operation="RecepcaoEvento" version="1.00"></RecepcaoEPEC>
       <NfeStatusEPEC method="nfeStatusServicoNF2" operation="NfeStatusServico2" version="3.10"></NfeStatusEPEC>       
    </producao>
  </UF>
  <UF>
    <sigla>AP</sigla>
    <!-- NOTA: AP usa o SVRS -->
    <homologacao>
      <NfeConsultaQR method="QR-CODE" operation="NfeConsultaQR" version="100">https://www.sefaz.ap.gov.br/nfcehml/nfce.php</NfeConsultaQR>
    </homologacao>
    <producao>
      <NfeConsultaQR method="QR-CODE" operation="NfeConsultaQR" version="100">https://www.sefaz.ap.gov.br/nfce/nfcep.php</NfeConsultaQR>
    </producao>
  </UF>
  <UF>
    <sigla>BA</sigla>
    <!-- NOTA: BA usa o SVRS -->
    <homologacao>
       <NfeConsultaQR method="QR-CODE" operation="NfeConsultaQR" version="100">http://hnfe.sefaz.ba.gov.br/servicos/nfce/modulos/geral/NFCEC_consulta_chave_acesso.aspx</NfeConsultaQR>
    </homologacao>
    <producao>
       <NfeConsultaQR method="QR-CODE" operation="NfeConsultaQR" version="100">http://nfe.sefaz.ba.gov.br/servicos/nfce/modulos/geral/NFCEC_consulta_chave_acesso.aspx</NfeConsultaQR>
    </producao>
  </UF>
  <UF>
    <sigla>CE</sigla>
    <homologacao>
       <NfeAutorizacao method="nfeAutorizacaoLote" operation="NfeAutorizacao" version="3.10">https://nfceh.sefaz.ce.gov.br/nfce/services/NfeAutorizacao</NfeAutorizacao>
       <NfeRetAutorizacao method="nfeRetAutorizacaoLote" operation="NfeRetAutorizacao" version="3.10">https://nfceh.sefaz.ce.gov.br/nfce/services/NfeRetAutorizacao</NfeRetAutorizacao>
       <NfeInutilizacao method="nfeInutilizacaoNF2" operation="NfeInutilizacao2" version="3.10">https://nfceh.sefaz.ce.gov.br/nfce/services/NfeInutilizacao2</NfeInutilizacao>
       <NfeConsultaProtocolo method="nfeConsultaNF2" operation="NfeConsulta2" version="3.10">https://nfceh.sefaz.ce.gov.br/nfce/services/NfeConsulta2</NfeConsultaProtocolo>
       <NfeStatusServico method="nfeStatusServicoNF2" operation="NfeStatusServico2" version="3.10">https://nfceh.sefaz.ce.gov.br/nfce/services/NfeStatusServico2</NfeStatusServico>
       <NfeConsultaCadastro method="consultaCadastro2" operation="NfeConsultaCadastro" version="3.10">https://nfceh.sefaz.ce.gov.br/nfce/services/CadConsultaCadastro2</NfeConsultaCadastro>
       <RecepcaoEvento method="nfeRecepcaoEvento" operation="RecepcaoEvento" version="1.00">https://nfceh.sefaz.ce.gov.br/nfce/services/RecepcaoEvento</RecepcaoEvento>
       <NfeConsultaQR method="QR-CODE" operation="NfeConsultaQR" version="100">http://nfceh.sefaz.ce.gov.br/pages/ShowNFCe.html</NfeConsultaQR>
    </homologacao>
    <producao>
       <!-- CE ainda não tem serviços em produção -->
       <NfeAutorizacao method="nfeAutorizacaoLote" operation="NfeAutorizacao" version="3.10"></NfeAutorizacao>
       <NfeRetAutorizacao method="nfeRetAutorizacaoLote" operation="NfeRetAutorizacao" version="3.10"></NfeRetAutorizacao>
       <NfeInutilizacao  method="nfeInutilizacaoNF2" operation="NfeInutilizacao2" version="3.10"></NfeInutilizacao>
       <NfeConsultaProtocolo method="nfeConsultaNF2" operation="NfeConsulta2" version="3.10"></NfeConsultaProtocolo>
       <NfeStatusServico method="nfeStatusServicoNF2" operation="NfeStatusServico2" version="3.10"></NfeStatusServico>
       <RecepcaoEvento  method="nfeRecepcaoEvento" operation="RecepcaoEvento" version="1.00"></RecepcaoEvento>
       <NfeConsultaQR method="QR-CODE" operation="NfeConsultaQR" version="100"></NfeConsultaQR>
       <NfeConsultaCadastro method="consultaCadastro2" operation="NfeConsultaCadastro" version="3.10"></NfeConsultaCadastro>
       <NfeConsultaDest method="nfeConsultaNFDest" operation="NfeConsultaDest" version="3.10"></NfeConsultaDest>
       <NfeDownloadNF method="nfeDownloadNF" operation="NfeDownloadNF" version="3.10"></NfeDownloadNF>
       <RecepcaoEPEC method="nfeRecepcaoEvento" operation="RecepcaoEvento" version="1.00"></RecepcaoEPEC>
       <NfeStatusEPEC method="nfeStatusServicoNF2" operation="NfeStatusServico2" version="3.10"></NfeStatusEPEC>       
    </producao>
  </UF>
  <UF>
    <sigla>DF</sigla>
    <!-- NOTA: AP usa o SVRS -->
    <homologacao>
      <NfeConsultaQR method="QR-CODE" operation="NfeConsultaQR" version="100">http://dec.fazenda.df.gov.br/ConsultarNFCe.aspx</NfeConsultaQR>
    </homologacao>
    <producao>
      <NfeConsultaQR method="QR-CODE" operation="NfeConsultaQR" version="100">http://dec.fazenda.df.gov.br/ConsultarNFCe.aspx</NfeConsultaQR>
    </producao>
  </UF>    
  <UF>
    <sigla>GO</sigla>
    <homologacao>
       <RecepcaoEvento method="nfeRecepcaoEvento" operation="RecepcaoEvento" version="1.00">https://homolog.sefaz.go.gov.br/nfe/services/v2/RecepcaoEvento</RecepcaoEvento>
       <NfeRecepcao method="nfeRecepcao2" operation="Recepcao2" version="2.00">https://homolog.sefaz.go.gov.br/nfe/services/v2/NfeRecepcao2</NfeRecepcao>
       <NfeRetRecepcao method="nfeRetRecepcao2" operation="RecepcaoEvento" version="2.00">https://homolog.sefaz.go.gov.br/nfe/services/v2/NfeRetRecepcao2</NfeRetRecepcao>
       <NfeInutilizacao method="nfeInutilizacao2" operation="NfeInutilizacao" version="3.10">https://homolog.sefaz.go.gov.br/nfe/services/v2/NfeInutilizacao2</NfeInutilizacao>
       <NfeConsultaProtocolo method="nfeConsulta2" operation="NfeConsultaProtocolo" version="3.10">https://homolog.sefaz.go.gov.br/nfe/services/v2/NfeConsulta2</NfeConsultaProtocolo>
       <NfeStatusServico method="nfeStatusServico2" operation="NfeStatusServico" version="3.10">https://homolog.sefaz.go.gov.br/nfe/services/v2/NfeStatusServico2</NfeStatusServico>
       <NfeConsultaCadastro method="consultaCadastro2" operation="NfeConsultaCadastro" version="2.00">https://homolog.sefaz.go.gov.br/nfe/services/v2/CadConsultaCadastro2</NfeConsultaCadastro>       
       <NfeAutorizacao method="nfeAutorizacao" operation="NfeAutorizacao" version="3.10">https://homolog.sefaz.go.gov.br/nfe/services/v2/NfeAutorizacao</NfeAutorizacao>
       <NfeRetAutorizacao method="nfeRetAutorizacao" operation="NfeRetAutorizacao" version="3.10">https://homolog.sefaz.go.gov.br/nfe/services/v2/NfeRetAutorizacao</NfeRetAutorizacao>
       <CscNFCe method="admCscNFCe" operation="CscNFCe" version="1.00">https://homolog.sefaz.go.gov.br/nfe/services/v2/CscNFCe</CscNFCe>       
       <NfeConsultaQR method="QR-CODE" operation="NfeConsultaQR" version="100">https://homolog.sefaz.go.gov.br/nfeweb/sites/nfce/danfeNFCe</NfeConsultaQR>
    </homologacao>
    <producao>
       <RecepcaoEvento method="nfeRecepcaoEvento" operation="RecepcaoEvento" version="1.00">https://nfe.sefaz.go.gov.br/nfe/services/v2/RecepcaoEvento</RecepcaoEvento>
       <NfeRecepcao method="nfeRecepcao2" operation="Recepcao2" version="2.00">https://nfe.sefaz.go.gov.br/nfe/services/v2/NfeRecepcao2</NfeRecepcao>
       <NfeRetRecepcao method="nfeRetRecepcao2" operation="RecepcaoEvento" version="2.00">https://nfe.sefaz.go.gov.br/nfe/services/v2/NfeRetRecepcao2</NfeRetRecepcao>
       <NfeInutilizacao method="nfeInutilizacao2" operation="NfeInutilizacao" version="3.10">https://nfe.sefaz.go.gov.br/nfe/services/v2/NfeInutilizacao2</NfeInutilizacao>
       <NfeConsultaProtocolo method="nfeConsulta2" operation="NfeConsultaProtocolo" version="3.10">https://nfe.sefaz.go.gov.br/nfe/services/v2/NfeConsulta2</NfeConsultaProtocolo>
       <NfeStatusServico method="nfeStatusServico2" operation="NfeStatusServico" version="3.10">https://nfe.sefaz.go.gov.br/nfe/services/v2/NfeStatusServico2</NfeStatusServico>
       <NfeConsultaCadastro method="consultaCadastro2" operation="NfeConsultaCadastro" version="2.00">https://nfe.sefaz.go.gov.br/nfe/services/v2/CadConsultaCadastro2</NfeConsultaCadastro>       
       <NfeAutorizacao method="nfeAutorizacao" operation="NfeAutorizacao" version="3.10">https://homolog.sefaz.go.gov.br/nfe/services/v2/NfeAutorizacao</NfeAutorizacao>
       <NfeRetAutorizacao method="nfeRetAutorizacao" operation="NfeRetAutorizacao" version="3.10">https://nfe.sefaz.go.gov.br/nfe/services/v2/NfeRetAutorizacao</NfeRetAutorizacao>
       <CscNFCe method="admCscNFCe" operation="CscNFCe" version="1.00">https://nfe.sefaz.go.gov.br/nfe/services/v2/CscNFCe</CscNFCe>
       <NfeConsultaQR method="QR-CODE" operation="NfeConsultaQR" version="100">https://nfe.sefaz.go.gov.br/nfeweb/sites/nfce/danfeNFCe</NfeConsultaQR>
    </producao>
  </UF>
  <UF>
    <sigla>MA</sigla>
    <homologacao>
      <NfeConsultaQR method="QR-CODE" operation="NfeConsultaQR" version="100">http://www.hom.nfce.sefaz.ma.gov.br/portal/consultarNFCe.jsp</NfeConsultaQR>
    </homologacao>
    <producao>
      <NfeConsultaQR method="QR-CODE" operation="NfeConsultaQR" version="100">http://www.nfce.sefaz.ma.gov.br/portal/consultarNFCe.jsp</NfeConsultaQR>
    </producao>
  </UF>
  <UF>
    <sigla>MT</sigla>
    <homologacao>
       <NfeAutorizacao method="nfeAutorizacaoLote" operation="NfeAutorizacao" version="3.10">https://homologacao.sefaz.mt.gov.br/nfcews/services/NfeAutorizacao</NfeAutorizacao>
       <NfeRetAutorizacao method="nfeRetAutorizacaoLote" operation="NfeRetAutorizacao" version="3.10">https://homologacao.sefaz.mt.gov.br/nfcews/services/NfeRetAutorizacao</NfeRetAutorizacao>
       <NfeInutilizacao  method="nfeInutilizacaoNF2" operation="NfeInutilizacao2" version="3.10">https://homologacao.sefaz.mt.gov.br/nfcews/services/NfeInutilizacao2</NfeInutilizacao>
       <NfeConsultaProtocolo method="nfeConsultaNF2" operation="NfeConsulta2" version="3.10">https://homologacao.sefaz.mt.gov.br/nfcews/services/NfeConsulta2</NfeConsultaProtocolo>
       <NfeStatusServico method="nfeStatusServicoNF2" operation="NfeStatusServico2" version="3.10">https://homologacao.sefaz.mt.gov.br/nfcews/services/NfeStatusServico2</NfeStatusServico>
       <RecepcaoEvento  method="nfeRecepcaoEvento" operation="RecepcaoEvento" version="1.00">https://homologacao.sefaz.mt.gov.br/nfcews/services/RecepcaoEvento</RecepcaoEvento>
       <NfeConsultaQR method="QR-CODE" operation="NfeConsultaQR" version="100">http://homologacao.sefaz.mt.gov.br/nfce/consultanfce</NfeConsultaQR>
    </homologacao>
    <producao>
       <NfeAutorizacao method="nfeAutorizacaoLote" operation="NfeAutorizacao" version="3.10">https://nfce.sefaz.mt.gov.br/nfcews/services/NfeAutorizacao</NfeAutorizacao>
       <NfeRetAutorizacao method="nfeRetAutorizacaoLote" operation="NfeRetAutorizacao" version="3.10">https://nfce.sefaz.mt.gov.br/nfcews/services/NfeRetAutorizacao</NfeRetAutorizacao>
       <NfeInutilizacao  method="nfeInutilizacaoNF2" operation="NfeInutilizacao2" version="3.10">https://nfce.sefaz.mt.gov.br/nfcews/services/NfeInutilizacao2</NfeInutilizacao>
       <NfeConsultaProtocolo method="nfeConsultaNF2" operation="NfeConsulta2" version="3.10">https://nfce.sefaz.mt.gov.br/nfcews/services/NfeConsulta2</NfeConsultaProtocolo>
       <NfeStatusServico method="nfeStatusServicoNF2" operation="NfeStatusServico2" version="3.10">https://nfce.sefaz.mt.gov.br/nfcews/services/NfeStatusServico2</NfeStatusServico>
       <RecepcaoEvento  method="nfeRecepcaoEvento" operation="RecepcaoEvento" version="1.00">https://nfce.sefaz.mt.gov.br/nfcews/services/RecepcaoEvento</RecepcaoEvento>
       <NfeConsultaQR method="QR-CODE" operation="NfeConsultaQR" version="100">http://www.sefaz.mt.gov.br/nfce/consultanfce</NfeConsultaQR>
    </producao>
  </UF>
  <UF>
    <sigla>PA</sigla>
    <!-- NOTA: AP usa o SVAN -->
    <homologacao>
      <NfeConsultaQR method="QR-CODE" operation="NfeConsultaQR" version="100">https://appnfc.sefa.pa.gov.br/portal-homologacao/view/consultas/nfce/nfceForm.seam</NfeConsultaQR>
    </homologacao>
    <producao>
      <NfeConsultaQR method="QR-CODE" operation="NfeConsultaQR" version="100">https://appnfc.sefa.pa.gov.br/portal/view/consultas/nfce/nfceForm.seam</NfeConsultaQR>
    </producao>
  </UF>
 <UF>
    <sigla>PR</sigla>
    <homologacao>
       <NfeAutorizacao method="nfeAutorizacaoLote" operation="NfeAutorizacao3" version="3.10">https://homologacao.nfce.fazenda.pr.gov.br/nfce/NFeAutorizacao3</NfeAutorizacao>
       <NfeRetAutorizacao method="nfeRetAutorizacao" operation="NfeRetAutorizacao3" version="3.10">https://homologacao.nfce.fazenda.pr.gov.br/nfce/NFeRetAutorizacao3</NfeRetAutorizacao>
       <NfeInutilizacao  method="nfeInutilizacaoNF" operation="NfeInutilizacao3" version="3.10">https://homologacao.nfce.fazenda.pr.gov.br/nfce/NFeInutilizacao3</NfeInutilizacao>
       <NfeConsultaProtocolo method="nfeConsultaNF" operation="NfeConsulta3" version="3.10">https://homologacao.nfce.fazenda.pr.gov.br/nfce/NFeConsulta3</NfeConsultaProtocolo>
       <NfeStatusServico method="nfeStatusServicoNF" operation="NfeStatusServico3" version="3.10">https://homologacao.nfce.fazenda.pr.gov.br/nfce/NFeStatusServico3</NfeStatusServico>
       <RecepcaoEvento  method="nfeRecepcaoEvento" operation="RecepcaoEvento" version="1.00">https://homologacao.nfce.fazenda.pr.gov.br/nfce/NFeRecepcaoEvento</RecepcaoEvento>
       <NfeConsultaQR method="QR-CODE" operation="NfeConsultaQR" version="100">http://www.dfeportal.fazenda.pr.gov.br/dfe-portal/rest/servico/consultaNFCe</NfeConsultaQR>
    </homologacao>
    <producao>
       <NfeAutorizacao method="nfeAutorizacaoLote" operation="NfeAutorizacao3" version="3.10">https://nfce.fazenda.pr.gov.br/nfce/NFeAutorizacao3</NfeAutorizacao>
       <NfeRetAutorizacao method="nfeRetAutorizacao" operation="NfeRetAutorizacao3" version="3.10">https://nfce.fazenda.pr.gov.br/nfce/NFeRetAutorizacao3</NfeRetAutorizacao>
       <NfeInutilizacao  method="nfeInutilizacaoNF" operation="NfeInutilizacao3" version="3.10">https://nfce.fazenda.pr.gov.br/nfce/NFeInutilizacao3</NfeInutilizacao>
       <NfeConsultaProtocolo method="nfeConsultaNF" operation="NfeConsulta3" version="3.10">https://nfce.fazenda.pr.gov.br/nfce/NFeConsulta3</NfeConsultaProtocolo>
       <NfeStatusServico method="nfeStatusServicoNF" operation="NfeStatusServico3" version="3.10">https://nfce.fazenda.pr.gov.br/nfce/NFeStatusServico3</NfeStatusServico>
       <RecepcaoEvento  method="nfeRecepcaoEvento" operation="RecepcaoEvento" version="1.00">https://nfce.fazenda.pr.gov.br/nfce/NFeRecepcaoEvento</RecepcaoEvento>
       <NfeConsultaQR method="QR-CODE" operation="NfeConsultaQR" version="100">http://www.dfeportal.fazenda.pr.gov.br/dfe-portal/rest/servico/consultaNFCe</NfeConsultaQR>
    </producao>
  </UF>
  <UF>
    <sigla>RN</sigla>
    <!-- NOTA: AP usa o SVRS -->
    <homologacao>
       <NfeConsultaQR method="QR-CODE" operation="NfeConsultaQR" version="100">http://hom.nfce.set.rn.gov.br/consultarNFCe.aspx</NfeConsultaQR>
    </homologacao>
    <producao>
       <NfeConsultaQR method="QR-CODE" operation="NfeConsultaQR" version="100">http://nfce.set.rn.gov.br/consultarNFCe.aspx</NfeConsultaQR>
    </producao>
  </UF>
  <UF>
    <sigla>RO</sigla>
    <!-- NOTA: AP usa o SVRS -->
    <homologacao>
       <NfeConsultaQR method="QR-CODE" operation="NfeConsultaQR" version="100">http://www.nfce.sefin.ro.gov.br/consultanfce/consulta.jsp</NfeConsultaQR>
    </homologacao>
    <producao>
       <NfeConsultaQR method="QR-CODE" operation="NfeConsultaQR" version="100">http://www.nfce.sefin.ro.gov.br/consultanfce/consulta.jsp</NfeConsultaQR>
    </producao>
  </UF>
  <UF>
    <sigla>RS</sigla>
    <homologacao>
       <NfeAutorizacao method="nfeAutorizacaoLote" operation="NfeAutorizacao" version="3.10">https://nfce-homologacao.sefazrs.rs.gov.br/ws/NfeAutorizacao/NfeAutorizacao.asmx</NfeAutorizacao>
       <NfeRetAutorizacao method="nfeRetAutorizacaoLote" operation="NfeRetAutorizacao" version="3.10">https://nfce-homologacao.sefazrs.rs.gov.br/ws/NfeRetAutorizacao/NfeRetAutorizacao.asmx</NfeRetAutorizacao>
       <NfeInutilizacao  method="nfeInutilizacaoNF2" operation="NfeInutilizacao2" version="3.10">https://nfce-homologacao.sefazrs.rs.gov.br/ws/nfeinutilizacao/nfeinutilizacao2.asmx</NfeInutilizacao>
       <NfeConsultaProtocolo method="nfeConsultaNF2" operation="NfeConsulta2" version="3.10">https://nfce-homologacao.sefazrs.rs.gov.br/ws/NfeConsulta/NfeConsulta2.asmx</NfeConsultaProtocolo>
       <NfeStatusServico method="nfeStatusServicoNF2" operation="NfeStatusServico2" version="3.10">https://nfce-homologacao.sefazrs.rs.gov.br/ws/NfeStatusServico/NfeStatusServico2.asmx</NfeStatusServico>
       <RecepcaoEvento  method="nfeRecepcaoEvento" operation="RecepcaoEvento" version="1.00">https://nfce-homologacao.sefazrs.rs.gov.br/ws/recepcaoevento/recepcaoevento.asmx</RecepcaoEvento>
       <NfeConsultaQR method="QR-CODE" operation="NfeConsultaQR" version="100">https://www.sefaz.rs.gov.br/NFCE/NFCE-COM.aspx</NfeConsultaQR>
    </homologacao>
    <producao>
       <NfeAutorizacao method="nfeAutorizacaoLote" operation="NfeAutorizacao" version="3.10">https://nfce.sefazrs.rs.gov.br/ws/NfeAutorizacao/NfeAutorizacao.asmx</NfeAutorizacao>
       <NfeRetAutorizacao method="nfeRetAutorizacaoLote" operation="NfeRetAutorizacao" version="3.10">https://nfce.sefazrs.rs.gov.br/ws/NfeRetAutorizacao/NfeRetAutorizacao.asmx</NfeRetAutorizacao>
       <NfeInutilizacao  method="nfeInutilizacaoNF2" operation="NfeInutilizacao2" version="3.10">https://nfce.sefazrs.rs.gov.br/ws/nfeinutilizacao/nfeinutilizacao2.asmx</NfeInutilizacao>
       <NfeConsultaProtocolo method="nfeConsultaNF2" operation="NfeConsulta2" version="3.10">https://nfce.sefazrs.rs.gov.br/ws/NfeConsulta/NfeConsulta2.asmx</NfeConsultaProtocolo>
       <NfeStatusServico method="nfeStatusServicoNF2" operation="NfeStatusServico2" version="3.10">https://nfce.sefazrs.rs.gov.br/ws/NfeStatusServico/NfeStatusServico2.asmx</NfeStatusServico>
       <RecepcaoEvento  method="nfeRecepcaoEvento" operation="RecepcaoEvento" version="1.00">https://nfce.sefazrs.rs.gov.br/ws/recepcaoevento/recepcaoevento.asmx</RecepcaoEvento>
       <NfeConsultaQR method="QR-CODE" operation="NfeConsultaQR" version="100">https://www.sefaz.rs.gov.br/NFCE/NFCE-COM.aspx</NfeConsultaQR>
    </producao>
  </UF>
  <UF>
    <sigla>SC</sigla>
    <!-- NOTA: AP usa o SVRS -->
    <homologacao>
      <NfeConsultaQR method="QR-CODE" operation="NfeConsultaQR" version="100"></NfeConsultaQR>
    </homologacao>
    <producao>
      <NfeConsultaQR method="QR-CODE" operation="NfeConsultaQR" version="100"></NfeConsultaQR>
    </producao>
  </UF>  
  <UF>
    <sigla>SE</sigla>
    <!-- NOTA: AP usa o SVRS -->
    <homologacao>
      <NfeConsultaQR method="QR-CODE" operation="NfeConsultaQR" version="100">http://www.hom.nfe.se.gov.br/portal/consultarNFCe.jsp</NfeConsultaQR>
    </homologacao>
    <producao>
      <NfeConsultaQR method="QR-CODE" operation="NfeConsultaQR" version="100">http://www.nfe.se.gov.br/portal/consultarNFCe.jsp</NfeConsultaQR>
    </producao>
  </UF>
  <UF>
    <sigla>SP</sigla>
    <homologacao>
       <NfeAutorizacao method="nfeAutorizacaoLote" operation="NfeAutorizacao" version="3.10">https://homologacao.nfce.fazenda.sp.gov.br/ws/nfeautorizacao.asmx</NfeAutorizacao>
       <NfeRetAutorizacao method="nfeRetAutorizacaoLote" operation="NfeRetAutorizacao" version="3.10">https://homologacao.nfce.fazenda.sp.gov.br/ws/nferetautorizacao.asmx</NfeRetAutorizacao>
       <NfeInutilizacao  method="nfeInutilizacaoNF2" operation="NfeInutilizacao2" version="3.10">https://homologacao.nfce.fazenda.sp.gov.br/ws/nfeinutilizacao2.asmx</NfeInutilizacao>
       <NfeConsultaProtocolo method="nfeConsultaNF2" operation="NfeConsulta2" version="3.10">https://homologacao.nfce.fazenda.sp.gov.br/ws/nfeconsulta2.asmx</NfeConsultaProtocolo>
       <NfeStatusServico method="nfeStatusServicoNF2" operation="NfeStatusServico2" version="3.10">https://homologacao.nfce.fazenda.sp.gov.br/ws/nfestatusservico2.asmx</NfeStatusServico>
       <RecepcaoEvento  method="nfeRecepcaoEvento" operation="RecepcaoEvento" version="1.00">https://homologacao.nfce.fazenda.sp.gov.br/ws/recepcaoevento.asmx</RecepcaoEvento>
       <NfeConsultaQR method="QR-CODE" operation="NfeConsultaQR" version="100">https://www.homologacao.nfce.fazenda.sp.gov.br/NFCeConsultaPublica/Paginas/ConsultaQRCode.aspx</NfeConsultaQR>
       <RecepcaoEPEC method="nfeRecepcaoEvento" operation="RecepcaoEvento" version="1.00">https://homologacao.nfce.epec.fazenda.sp.gov.br/EPECws/RecepcaoEPEC.asmx</RecepcaoEPEC>
       <NfeStatusEPEC method="nfeStatusServicoNF2" operation="NfeStatusServico2" version="3.10">https://homologacao.nfce.epec.fazenda.sp.gov.br/EPECws/EPECStatusServico.asmx</NfeStatusEPEC>
    </homologacao>
    <producao>
       <NfeAutorizacao method="nfeAutorizacaoLote" operation="NfeAutorizacao" version="3.10">https://nfce.fazenda.sp.gov.br/ws/nfeautorizacao.asmx</NfeAutorizacao>
       <NfeRetAutorizacao method="nfeRetAutorizacaoLote" operation="NfeRetAutorizacao" version="3.10">https://nfce.fazenda.sp.gov.br/ws/nferetautorizacao.asmx</NfeRetAutorizacao>
       <NfeInutilizacao  method="nfeInutilizacaoNF2" operation="NfeInutilizacao2" version="3.10">https://nfce.fazenda.sp.gov.br/ws/nfeinutilizacao2.asmx</NfeInutilizacao>
       <NfeConsultaProtocolo method="nfeConsultaNF2" operation="NfeConsulta2" version="3.10">https://nfce.fazenda.sp.gov.br/ws/nfeconsulta2.asmx</NfeConsultaProtocolo>
       <NfeStatusServico method="nfeStatusServicoNF2" operation="NfeStatusServico2" version="3.10">https://nfce.fazenda.sp.gov.br/ws/nfestatusservico2.asmx</NfeStatusServico>
       <RecepcaoEvento  method="nfeRecepcaoEvento" operation="RecepcaoEvento" version="1.00">https://nfce.fazenda.sp.gov.br/ws/recepcaoevento.asmx</RecepcaoEvento>
       <NfeConsultaQR method="QR-CODE" operation="NfeConsultaQR" version="100">https://www.nfce.fazenda.sp.gov.br/NFCeConsultaPublica/Paginas/ConsultaQRCode.aspx</NfeConsultaQR>
       <RecepcaoEPEC method="nfeRecepcaoEvento" operation="RecepcaoEvento" version="1.00">https://nfce.epec.fazenda.sp.gov.br/EPECws/RecepcaoEPEC.asmx</RecepcaoEPEC>
       <NfeStatusEPEC method="nfeStatusServicoNF2" operation="NfeStatusServico2" version="3.10">https://nfce.epec.fazenda.sp.gov.br/EPECws/EPECStatusServico.asmx</NfeStatusEPEC>
    </producao>
  </UF>
  <UF>
    <sigla>TO</sigla>
    <!-- NOTA: AP usa o SVRS -->
    <homologacao>
      <NfeConsultaQR method="QR-CODE" operation="NfeConsultaQR" version="100"></NfeConsultaQR>
    </homologacao>
    <producao>
      <NfeConsultaQR method="QR-CODE" operation="NfeConsultaQR" version="100"></NfeConsultaQR>
    </producao>
  </UF>  
  <UF>
    <sigla>SVRS</sigla>
    <homologacao>
       <NfeAutorizacao method="nfeAutorizacaoLote" operation="NfeAutorizacao" version="3.10">https://nfce-homologacao.svrs.rs.gov.br/ws/NfeAutorizacao/NfeAutorizacao.asmx</NfeAutorizacao>
       <NfeRetAutorizacao method="nfeRetAutorizacaoLote" operation="NfeRetAutorizacao" version="3.10">https://nfce-homologacao.svrs.rs.gov.br/ws/NfeRetAutorizacao/NfeRetAutorizacao.asmx</NfeRetAutorizacao>
       <NfeInutilizacao  method="nfeInutilizacaoNF2" operation="NfeInutilizacao2" version="3.10">https://nfce-homologacao.svrs.rs.gov.br/ws/nfeinutilizacao/nfeinutilizacao2.asmx</NfeInutilizacao>
       <NfeConsultaProtocolo method="nfeConsultaNF2" operation="NfeConsulta2" version="3.10">https://nfce-homologacao.svrs.rs.gov.br/ws/NfeConsulta/NfeConsulta2.asmx</NfeConsultaProtocolo>
       <NfeStatusServico method="nfeStatusServicoNF2" operation="NfeStatusServico2" version="3.10">https://nfce-homologacao.svrs.rs.gov.br/ws/NfeStatusServico/NfeStatusServico2.asmx</NfeStatusServico>
       <RecepcaoEvento  method="nfeRecepcaoEvento" operation="RecepcaoEvento" version="1.00">https://nfce-homologacao.svrs.rs.gov.br/ws/recepcaoevento/recepcaoevento.asmx</RecepcaoEvento>
    </homologacao>
    <producao>
       <NfeAutorizacao method="nfeAutorizacaoLote" operation="NfeAutorizacao" version="3.10">https://nfce.svrs.rs.gov.br/ws/NfeAutorizacao/NfeAutorizacao.asmx</NfeAutorizacao>
       <NfeRetAutorizacao method="nfeRetAutorizacaoLote" operation="NfeRetAutorizacao" version="3.10">https://nfce.svrs.rs.gov.br/ws/NfeRetAutorizacao/NfeRetAutorizacao.asmx</NfeRetAutorizacao>
       <NfeInutilizacao  method="nfeInutilizacaoNF2" operation="NfeInutilizacao2" version="3.10">https://nfce.svrs.rs.gov.br/ws/nfeinutilizacao/nfeinutilizacao2.asmx</NfeInutilizacao>
       <NfeConsultaProtocolo method="nfeConsultaNF2" operation="NfeConsulta2" version="3.10">https://nfce.svrs.rs.gov.br/ws/NfeConsulta/NfeConsulta2.asmx</NfeConsultaProtocolo>
       <NfeStatusServico method="nfeStatusServicoNF2" operation="NfeStatusServico2" version="3.10">https://nfce.svrs.rs.gov.br/ws/NfeStatusServico/NfeStatusServico2.asmx</NfeStatusServico>
       <RecepcaoEvento  method="nfeRecepcaoEvento" operation="RecepcaoEvento" version="1.00">https://nfce.svrs.rs.gov.br/ws/recepcaoevento/recepcaoevento.asmx</RecepcaoEvento>
    </producao>
  </UF>
</WS>
