<?xml version="1.0" encoding="utf-8"?>
<WS xmlns:xsi="http://www.w3.org/2001/XMLSchema-instance">
    <UF>
        <sigla>AM</sigla>
        <homologacao>
            <NfeStatusServico method="nfeStatusServicoNF" operation="NFeStatusServico4" version="4.00">https://homnfe.sefaz.am.gov.br/services2/services/NfeStatusServico4</NfeStatusServico>
            <NfeAutorizacao method="nfeAutorizacaoLote" operation="NFeAutorizacao4" version="4.00">https://homnfe.sefaz.am.gov.br/services2/services/NfeAutorizacao4</NfeAutorizacao>
            <NfeConsultaProtocolo method="nfeConsultaNF" operation="NFeConsulta4" version="4.00">https://homnfe.sefaz.am.gov.br/services2/services/NfeConsulta4</NfeConsultaProtocolo>
            <NfeInutilizacao method="nfeInutilizacaoNF" operation="NFeInutilizacao4" version="4.00">https://homnfe.sefaz.am.gov.br/services2/services/NfeInutilizacao4</NfeInutilizacao>
            <NfeRetAutorizacao method="nfeRetAutorizacaoLote" operation="NFeRetAutorizacao4" version="4.00">https://homnfe.sefaz.am.gov.br/services2/services/NfeRetAutorizacao4</NfeRetAutorizacao>
            <RecepcaoEvento method="nfeRecepcaoEventoNF" operation="NFeRecepcaoEvento4" version="1.00">https://homnfe.sefaz.am.gov.br/services2/services/RecepcaoEvento4</RecepcaoEvento>
            <NfeConsultaCadastro method="consultaCadastro" operation="CadConsultaCadastro4" version="4.00"></NfeConsultaCadastro>
        </homologacao>
        <producao>
            <NfeStatusServico method="nfeStatusServicoNF" operation="NFeStatusServico4" version="4.00"></NfeStatusServico>
            <NfeAutorizacao method="nfeAutorizacaoLote" operation="NFeAutorizacao4" version="4.00"></NfeAutorizacao>
            <NfeConsultaProtocolo method="nfeConsultaNF" operation="NFeConsulta4" version="4.00"></NfeConsultaProtocolo>
            <NfeInutilizacao method="nfeInutilizacaoNF" operation="NFeInutilizacao4" version="4.00"></NfeInutilizacao>
            <NfeRetAutorizacao method="nfeRetAutorizacaoLote" operation="NFeRetAutorizacao4" version="4.00"></NfeRetAutorizacao>
            <RecepcaoEvento method="nfeRecepcaoEvento" operation="NFeRecepcaoEvento4" version="1.00"></RecepcaoEvento>
            <NfeConsultaCadastro method="consultaCadastro4" operation="CadConsultaCadastro4" version="4.00"></NfeConsultaCadastro>
        </producao>
    </UF>
    <UF>
        <sigla>AN</sigla>
        <homologacao>
            <RecepcaoEvento method="nfeRecepcaoEventoNF" operation="NFeRecepcaoEvento4" version="4.00">https://hom.nfe.fazenda.gov.br/NFeRecepcaoEvento4/NFeRecepcaoEvento4.asmx"</RecepcaoEvento>
            <NfeDistribuicaoDFe method="nfeDistDFeInteresse" operation="NFeDistribuicaoDFe" version="1.01">https://hom.nfe.fazenda.gov.br/NFeDistribuicaoDFe/NFeDistribuicaoDFe.asmx</NfeDistribuicaoDFe>
            <NfeConsultaDest method="nfeConsultaNFDest" operation="NfeConsultaDest" version="1.01">https://hom.nfe.fazenda.gov.br/NFeConsultaDest/NFeConsultaDest.asmx</NfeConsultaDest>
            <NfeDownloadNF method="nfeDownloadNF" operation="NfeDownloadNF" version="1.00">https://hom.nfe.fazenda.gov.br/NfeDownloadNF/NfeDownloadNF.asmx</NfeDownloadNF>
            <RecepcaoEPEC method="nfeRecepcaoEvento" operation="RecepcaoEvento" version="1.00">https://hom.nfe.fazenda.gov.br/RecepcaoEvento/RecepcaoEvento.asmx</RecepcaoEPEC>
        </homologacao>
        <producao>
            <RecepcaoEvento method="nfeRecepcaoEventoNF" operation="NFeRecepcaoEvento4" version="4.00">https://nfe.fazenda.gov.br/NFeRecepcaoEvento4/NFeRecepcaoEvento4.asmx"</RecepcaoEvento>
            <NfeDistribuicaoDFe method="nfeDistDFeInteresse" operation="NFeDistribuicaoDFe" version="1.01">https://www1.nfe.fazenda.gov.br/NFeDistribuicaoDFe/NFeDistribuicaoDFe.asmx</NfeDistribuicaoDFe>        
            <NfeConsultaDest method="nfeConsultaNFDest" operation="NfeConsultaDest" version="1.01">https://www.nfe.fazenda.gov.br/NFeConsultaDest/NFeConsultaDest.asmx</NfeConsultaDest>
            <NfeDownloadNF method="nfeDownloadNF" operation="NfeDownloadNF" version="1.00">https://www.nfe.fazenda.gov.br/NfeDownloadNF/NfeDownloadNF.asmx</NfeDownloadNF>
            <RecepcaoEPEC method="nfeRecepcaoEvento" operation="RecepcaoEvento" version="1.00">https://www.nfe.fazenda.gov.br/RecepcaoEvento/RecepcaoEvento.asmx</RecepcaoEPEC>            
        </producao>        
    </UF>
    <UF>
        <sigla>BA</sigla>
        <homologacao>
            <NfeStatusServico method="nfeStatusServicoNF" operation="NFeStatusServico4" version="4.00">https://hnfe.sefaz.ba.gov.br/webservices/NFeStatusServico4/NFeStatusServico4.asmx</NfeStatusServico>
            <NfeAutorizacao method="nfeAutorizacaoLote" operation="NFeAutorizacao4" version="4.00">https://hnfe.sefaz.ba.gov.br/webservices/NFeAutorizacao4/NFeAutorizacao4.asmx</NfeAutorizacao>
            <NfeConsultaProtocolo method="nfeConsultaNF" operation="NFeConsulta4" version="4.00">https://hnfe.sefaz.ba.gov.br/webservices/NFeConsultaProtocolo4/NFeConsultaProtocolo4.asmx</NfeConsultaProtocolo>
            <NfeInutilizacao method="nfeInutilizacaoNF" operation="NFeInutilizacao4" version="4.00">https://hnfe.sefaz.ba.gov.br/webservices/NFeInutilizacao4/NFeInutilizacao4.asmx</NfeInutilizacao>
            <NfeRetAutorizacao method="nfeRetAutorizacaoLote" operation="NFeRetAutorizacao4" version="4.00">https://hnfe.sefaz.ba.gov.br/webservices/NFeRetAutorizacao4/NFeRetAutorizacao4.asmx</NfeRetAutorizacao>
            <RecepcaoEvento method="nfeRecepcaoEventoNF" operation="NFeRecepcaoEvento4" version="1.00">https://hnfe.sefaz.ba.gov.br/webservices/NFeRecepcaoEvento4/NFeRecepcaoEvento4.asmx</RecepcaoEvento>
            <NfeConsultaCadastro method="consultaCadastro" operation="CadConsultaCadastro4" version="4.00">https://hnfe.sefaz.ba.gov.br/webservices/CadConsultaCadastro4/CadConsultaCadastro4.asmx</NfeConsultaCadastro>
        </homologacao>
        <producao>
            <NfeStatusServico method="nfeStatusServicoNF" operation="NFeStatusServico4" version="4.00">https://nfe.sefaz.ba.gov.br/webservices/NFeStatusServico4/NFeStatusServico4.asmx</NfeStatusServico>
            <NfeAutorizacao method="nfeAutorizacaoLote" operation="NFeAutorizacao4" version="4.00">https://nfe.sefaz.ba.gov.br/webservices/NFeAutorizacao4/NFeAutorizacao4.asmx</NfeAutorizacao>
            <NfeConsultaProtocolo method="nfeConsultaNF" operation="NFeConsulta4" version="4.00">https://nfe.sefaz.ba.gov.br/webservices/NFeConsultaProtocolo4/NFeConsultaProtocolo4.asmx</NfeConsultaProtocolo>
            <NfeInutilizacao method="nfeInutilizacaoNF" operation="NFeInutilizacao4" version="4.00">https://nfe.sefaz.ba.gov.br/webservices/NFeInutilizacao4/NFeInutilizacao4.asmx</NfeInutilizacao>
            <NfeRetAutorizacao method="nfeRetAutorizacaoLote" operation="NFeRetAutorizacao4" version="4.00">https://nfe.sefaz.ba.gov.br/webservices/NFeRetAutorizacao4/NFeRetAutorizacao4.asmx</NfeRetAutorizacao>
            <RecepcaoEvento method="nfeRecepcaoEventoNF" operation="NFeRecepcaoEvento4" version="1.00">https://nfe.sefaz.ba.gov.br/webservices/NFeRecepcaoEvento4/NFeRecepcaoEvento4.asmx</RecepcaoEvento>
            <NfeConsultaCadastro method="consultaCadastro" operation="CadConsultaCadastro4" version="4.00">https://nfe.sefaz.ba.gov.br/webservices/CadConsultaCadastro4/CadConsultaCadastro4.asmx</NfeConsultaCadastro>
        </producao>
    </UF>
    <UF>
        <sigla>CE</sigla>
        <homologacao>
            <NfeStatusServico method="nfeStatusServicoNF" operation="NFeStatusServico4" version="4.00">https://nfeh.sefaz.ce.gov.br/nfe4/services/NFeStatusServico4</NfeStatusServico>
            <NfeAutorizacao method="nfeAutorizacaoLote" operation="NFeAutorizacao4" version="4.00">https://nfeh.sefaz.ce.gov.br/nfe4/services/NFeAutorizacao4</NfeAutorizacao>
            <NfeConsultaProtocolo method="nfeConsultaNF" operation="NFeConsulta4" version="4.00">https://nfeh.sefaz.ce.gov.br/nfe4/services/NFeConsultaProtocolo4</NfeConsultaProtocolo>
            <NfeInutilizacao method="nfeInutilizacaoNF" operation="NFeInutilizacao4" version="4.00">https://nfeh.sefaz.ce.gov.br/nfe4/services/NFeInutilizacao4</NfeInutilizacao>
            <NfeRetAutorizacao method="nfeRetAutorizacaoLote" operation="NFeRetAutorizacao4" version="4.00">https://nfeh.sefaz.ce.gov.br/nfe4/services/NFeRetAutorizacao4</NfeRetAutorizacao>
            <RecepcaoEvento method="nfeRecepcaoEventoNF" operation="NFeRecepcaoEvento4" version="1.00">https://nfeh.sefaz.ce.gov.br/nfe4/services/NFeRecepcaoEvento4</RecepcaoEvento>
            <NfeConsultaCadastro method="consultaCadastro" operation="CadConsultaCadastro4" version="4.00"></NfeConsultaCadastro>
        </homologacao>
        <producao>
            <NfeStatusServico method="nfeStatusServicoNF" operation="NFeStatusServico4" version="4.00">https://nfe.sefaz.ce.gov.br/nfe4/services/NFeStatusServico4</NfeStatusServico>
            <NfeAutorizacao method="nfeAutorizacaoLote" operation="NFeAutorizacao4" version="4.00">https://nfe.sefaz.ce.gov.br/nfe4/services/NFeAutorizacao4</NfeAutorizacao>
            <NfeConsultaProtocolo method="nfeConsultaNF" operation="NFeConsulta4" version="4.00">https://nfe.sefaz.ce.gov.br/nfe4/services/NFeConsultaProtocolo4</NfeConsultaProtocolo>
            <NfeInutilizacao method="nfeInutilizacaoNF" operation="NFeInutilizacao4" version="4.00">https://nfe.sefaz.ce.gov.br/nfe4/services/NFeInutilizacao4</NfeInutilizacao>
            <NfeRetAutorizacao method="nfeRetAutorizacaoLote" operation="NFeRetAutorizacao4" version="4.00">https://nfe.sefaz.ce.gov.br/nfe4/services/NFeRetAutorizacao4</NfeRetAutorizacao>
            <RecepcaoEvento method="nfeRecepcaoEventoNF" operation="NFeRecepcaoEvento4" version="1.00">https://nfe.sefaz.ce.gov.br/nfe4/services/NFeRecepcaoEvento4</RecepcaoEvento>
            <NfeConsultaCadastro method="consultaCadastro" operation="CadConsultaCadastro4" version="4.00">https://nfe.sefaz.ce.gov.br/nfe4/services/CadConsultaCadastro4</NfeConsultaCadastro>
        </producao>
    </UF>    
    <UF>
        <sigla>GO</sigla>
        <homologacao>
            <NfeStatusServico method="nfeStatusServicoNF" operation="NFeStatusServico4" version="4.00">https://homolog.sefaz.go.gov.br/nfe/services/NFeStatusServico4</NfeStatusServico>
            <NfeAutorizacao method="nfeAutorizacaoLote" operation="NFeAutorizacao4" version="4.00">https://homolog.sefaz.go.gov.br/nfe/services/NFeAutorizacao4</NfeAutorizacao>
            <NfeConsultaProtocolo method="nfeConsultaNF" operation="NFeConsulta4" version="4.00">https://homolog.sefaz.go.gov.br/nfe/services/NFeConsultaProtocolo4</NfeConsultaProtocolo>
            <NfeInutilizacao method="nfeInutilizacaoNF" operation="NFeInutilizacao4" version="4.00">https://homolog.sefaz.go.gov.br/nfe/services/NFeInutilizacao4</NfeInutilizacao>
            <NfeRetAutorizacao method="nfeRetAutorizacaoLote" operation="NFeRetAutorizacao4" version="4.00">https://homolog.sefaz.go.gov.br/nfe/services/NFeRetAutorizacao4</NfeRetAutorizacao>
            <RecepcaoEvento method="nfeRecepcaoEventoNF" operation="NFeRecepcaoEvento4" version="1.00">https://homolog.sefaz.go.gov.br/nfe/services/NFeRecepcaoEvento4</RecepcaoEvento>
            <NfeConsultaCadastro method="consultaCadastro" operation="CadConsultaCadastro4" version="4.00">https://homolog.sefaz.go.gov.br/nfe/services/CadConsultaCadastro4</NfeConsultaCadastro>
        </homologacao>
        <producao>
            <NfeStatusServico method="nfeStatusServicoNF" operation="NFeStatusServico4" version="4.00">https://nfe.sefaz.go.gov.br/nfe/services/NFeStatusServico4</NfeStatusServico>
            <NfeAutorizacao method="nfeAutorizacaoLote" operation="NFeAutorizacao4" version="4.00">https://nfe.sefaz.go.gov.br/nfe/services/NFeAutorizacao4</NfeAutorizacao>
            <NfeConsultaProtocolo method="nfeConsultaNF" operation="NFeConsulta4" version="4.00">https://nfe.sefaz.go.gov.br/nfe/services/NFeConsultaProtocolo4</NfeConsultaProtocolo>
            <NfeInutilizacao method="nfeInutilizacaoNF" operation="NFeInutilizacao4" version="4.00">https://nfe.sefaz.go.gov.br/nfe/services/NFeInutilizacao4</NfeInutilizacao>
            <NfeRetAutorizacao method="nfeRetAutorizacaoLote" operation="NFeRetAutorizacao4" version="4.00">https://nfe.sefaz.go.gov.br/nfe/services/NFeRetAutorizacao4</NfeRetAutorizacao>
            <RecepcaoEvento method="nfeRecepcaoEventoNF" operation="NFeRecepcaoEvento4" version="1.00">https://nfe.sefaz.go.gov.br/nfe/services/NFeRecepcaoEvento4</RecepcaoEvento>
            <NfeConsultaCadastro method="consultaCadastro" operation="CadConsultaCadastro4" version="4.00">https://nfe.sefaz.go.gov.br/nfe/services/CadConsultaCadastro4</NfeConsultaCadastro>
        </producao>
    </UF>
    <UF>
        <sigla>MG</sigla>
        <homologacao>
            <NfeStatusServico method="nfeStatusServicoNF" operation="NFeStatusServico4" version="4.00">https://hnfe.fazenda.mg.gov.br/nfe2/services/NFeStatusServico4</NfeStatusServico>
            <NfeAutorizacao method="nfeAutorizacaoLote" operation="NFeAutorizacao4" version="4.00">https://hnfe.fazenda.mg.gov.br/nfe2/services/NFeAutorizacao4</NfeAutorizacao>
            <NfeConsultaProtocolo method="nfeConsultaNF" operation="NFeConsulta4" version="4.00">https://hnfe.fazenda.mg.gov.br/nfe2/services/NFeConsulta4</NfeConsultaProtocolo>
            <NfeInutilizacao method="nfeInutilizacaoNF" operation="NFeInutilizacao4" version="4.00">https://hnfe.fazenda.mg.gov.br/nfe2/services/NFeInutilizacao4</NfeInutilizacao>
            <NfeRetAutorizacao method="nfeRetAutorizacaoLote" operation="NFeRetAutorizacao4" version="4.00">https://hnfe.fazenda.mg.gov.br/nfe2/services/NFeRetAutorizacao4</NfeRetAutorizacao>
            <RecepcaoEvento method="nfeRecepcaoEventoNF" operation="NFeRecepcaoEvento4" version="1.00">https://hnfe.fazenda.mg.gov.br/nfe2/services/NFeRecepcaoEvento4</RecepcaoEvento>
            <NfeConsultaCadastro method="consultaCadastro" operation="CadConsultaCadastro4" version="4.00"></NfeConsultaCadastro>            
        </homologacao>
        <producao>
            <NfeStatusServico method="nfeStatusServicoNF" operation="NFeStatusServico4" version="4.00"></NfeStatusServico>
            <NfeAutorizacao method="nfeAutorizacaoLote" operation="NFeAutorizacao4" version="4.00"></NfeAutorizacao>
            <NfeConsultaProtocolo method="nfeConsultaNF" operation="NFeConsulta4" version="4.00"></NfeConsultaProtocolo>
            <NfeInutilizacao method="nfeInutilizacaoNF" operation="NFeInutilizacao4" version="4.00"></NfeInutilizacao>
            <NfeRetAutorizacao method="nfeRetAutorizacaoLote" operation="NFeRetAutorizacao4" version="4.00"></NfeRetAutorizacao>
            <RecepcaoEvento method="nfeRecepcaoEvento" operation="NFeRecepcaoEvento4" version="1.00"></RecepcaoEvento>
            <NfeConsultaCadastro method="consultaCadastro4" operation="CadConsultaCadastro4" version="4.00"></NfeConsultaCadastro>
        </producao>
    </UF>
    <UF>
        <sigla>MS</sigla>
        <homologacao>
            <NfeStatusServico method="nfeStatusServicoNF" operation="NFeStatusServico4" version="4.00">https://homologacao.nfe.ms.gov.br/ws/NFeStatusServico4</NfeStatusServico>
            <NfeAutorizacao method="nfeAutorizacaoLote" operation="NFeAutorizacao4" version="4.00">https://homologacao.nfe.ms.gov.br/ws/NFeAutorizacao4</NfeAutorizacao>
            <NfeConsultaProtocolo method="nfeConsultaNF" operation="NFeConsulta4" version="4.00">https://homologacao.nfe.ms.gov.br/ws/NFeConsultaProtocolo4</NfeConsultaProtocolo>
            <NfeInutilizacao method="nfeInutilizacaoNF" operation="NFeInutilizacao4" version="4.00">https://homologacao.nfe.ms.gov.br/ws/NFeInutilizacao4</NfeInutilizacao>
            <NfeRetAutorizacao method="nfeRetAutorizacaoLote" operation="NFeRetAutorizacao4" version="4.00">https://homologacao.nfe.ms.gov.br/ws/NFeRetAutorizacao4</NfeRetAutorizacao>
            <RecepcaoEvento method="nfeRecepcaoEvento" operation="NFeRecepcaoEvento4" version="1.00">https://homologacao.nfe.ms.gov.br/ws/NFeRecepcaoEvento4</RecepcaoEvento>
            <NfeConsultaCadastro method="consultaCadastro4" operation="CadConsultaCadastro4" version="4.00"></NfeConsultaCadastro>
        </homologacao>
        <producao>
            <NfeStatusServico method="nfeStatusServicoNF" operation="NFeStatusServico4" version="4.00">https://nfe.fazenda.ms.gov.br/ws/NFeStatusServico4</NfeStatusServico>
            <NfeAutorizacao method="nfeAutorizacaoLote" operation="NFeAutorizacao4" version="4.00">https://nfe.fazenda.ms.gov.br/ws/NFeAutorizacao4</NfeAutorizacao>
            <NfeConsultaProtocolo method="nfeConsultaNF" operation="NFeConsulta4" version="4.00">https://nfe.fazenda.ms.gov.br/ws/NFeConsultaProtocolo4</NfeConsultaProtocolo>
            <NfeInutilizacao method="nfeInutilizacaoNF" operation="NFeInutilizacao4" version="4.00">https://nfe.fazenda.ms.gov.br/ws/NFeInutilizacao4</NfeInutilizacao>
            <NfeRetAutorizacao method="nfeRetAutorizacaoLote" operation="NFeRetAutorizacao4" version="4.00">https://nfe.fazenda.ms.gov.br/ws/NFeRetAutorizacao4</NfeRetAutorizacao>
            <RecepcaoEvento method="nfeRecepcaoEvento" operation="NFeRecepcaoEvento4" version="1.00">https://nfe.fazenda.ms.gov.br/ws/NFeRecepcaoEvento4</RecepcaoEvento>
            <NfeConsultaCadastro method="consultaCadastro4" operation="CadConsultaCadastro4" version="4.00">https://nfe.fazenda.ms.gov.br/ws/CadConsultaCadastro4</NfeConsultaCadastro>
        </producao>
    </UF>
    <UF>
        <sigla>MT</sigla>
        <homologacao>
            <NfeStatusServico method="nfeStatusServicoNF" operation="NFeStatusServico4" version="4.00"></NfeStatusServico>
            <NfeAutorizacao method="nfeAutorizacaoLote" operation="NFeAutorizacao4" version="4.00"></NfeAutorizacao>
            <NfeConsultaProtocolo method="nfeConsultaNF" operation="NFeConsulta4" version="4.00"></NfeConsultaProtocolo>
            <NfeInutilizacao method="nfeInutilizacaoNF" operation="NFeInutilizacao4" version="4.00"></NfeInutilizacao>
            <NfeRetAutorizacao method="nfeRetAutorizacaoLote" operation="NFeRetAutorizacao4" version="4.00"></NfeRetAutorizacao>
            <RecepcaoEvento method="nfeRecepcaoEvento" operation="NFeRecepcaoEvento4" version="1.00"></RecepcaoEvento>
            <NfeConsultaCadastro method="consultaCadastro4" operation="CadConsultaCadastro4" version="4.00"></NfeConsultaCadastro>
        </homologacao>
        <producao>
            <NfeStatusServico method="nfeStatusServicoNF" operation="NFeStatusServico4" version="4.00">https://nfe.sefaz.mt.gov.br/nfews/v2/services/NfeStatusServico4</NfeStatusServico>
            <NfeAutorizacao method="nfeAutorizacaoLote" operation="NFeAutorizacao4" version="4.00">https://nfe.sefaz.mt.gov.br/nfews/v2/services/NfeAutorizacao4</NfeAutorizacao>
            <NfeConsultaProtocolo method="nfeConsultaNF" operation="NFeConsulta4" version="4.00">https://nfe.sefaz.mt.gov.br/nfews/v2/services/NfeConsulta4</NfeConsultaProtocolo>
            <NfeInutilizacao method="nfeInutilizacaoNF" operation="NFeInutilizacao4" version="4.00">https://nfe.sefaz.mt.gov.br/nfews/v2/services/NfeInutilizacao4</NfeInutilizacao>
            <NfeRetAutorizacao method="nfeRetAutorizacaoLote" operation="NFeRetAutorizacao4" version="4.00">https://nfe.sefaz.mt.gov.br/nfews/v2/services/NfeRetAutorizacao4</NfeRetAutorizacao>
            <RecepcaoEvento method="nfeRecepcaoEvento" operation="NFeRecepcaoEvento4" version="1.00">https://nfe.sefaz.mt.gov.br/nfews/v2/services/RecepcaoEvento4</RecepcaoEvento>
            <NfeConsultaCadastro method="consultaCadastro4" operation="CadConsultaCadastro4" version="4.00">https://nfe.sefaz.mt.gov.br/nfews/v2/services/CadConsultaCadastro4</NfeConsultaCadastro>
        </producao>
    </UF>    
    <UF>
        <sigla>PE</sigla>
        <homologacao>
            <NfeStatusServico method="nfeStatusServicoNF" operation="NFeStatusServico4" version="4.00">https://nfehomolog.sefaz.pe.gov.br/nfe-service/services/NFeStatusServico4</NfeStatusServico>
            <NfeAutorizacao method="nfeAutorizacaoLote" operation="NFeAutorizacao4" version="4.00">https://nfehomolog.sefaz.pe.gov.br/nfe-service/services/NFeAutorizacao4</NfeAutorizacao>
            <NfeConsultaProtocolo method="nfeConsultaNF" operation="NFeConsulta4" version="4.00">https://nfehomolog.sefaz.pe.gov.br/nfe-service/services/NFeConsultaProtocolo4</NfeConsultaProtocolo>
            <NfeInutilizacao method="nfeInutilizacaoNF" operation="NFeInutilizacao4" version="4.00">https://nfehomolog.sefaz.pe.gov.br/nfe-service/services/NFeInutilizacao4</NfeInutilizacao>
            <NfeRetAutorizacao method="nfeRetAutorizacaoLote" operation="NFeRetAutorizacao4" version="4.00">https://nfehomolog.sefaz.pe.gov.br/nfe-service/services/NFeRetAutorizacao4</NfeRetAutorizacao>
            <RecepcaoEvento method="nfeRecepcaoEvento" operation="NFeRecepcaoEvento4" version="1.00">https://nfehomolog.sefaz.pe.gov.br/nfe-service/services/RecepcaoEvento4</RecepcaoEvento>
            <NfeConsultaCadastro method="consultaCadastro4" operation="CadConsultaCadastro4" version="4.00">https://nfehomolog.sefaz.pe.gov.br/nfe-service/services/CadConsultaCadastro4</NfeConsultaCadastro>
        </homologacao>
        <producao>
            <NfeStatusServico method="nfeStatusServicoNF" operation="NFeStatusServico4" version="4.00"></NfeStatusServico>
            <NfeAutorizacao method="nfeAutorizacaoLote" operation="NFeAutorizacao4" version="4.00"></NfeAutorizacao>
            <NfeConsultaProtocolo method="nfeConsultaNF" operation="NFeConsulta4" version="4.00"></NfeConsultaProtocolo>
            <NfeInutilizacao method="nfeInutilizacaoNF" operation="NFeInutilizacao4" version="4.00"></NfeInutilizacao>
            <NfeRetAutorizacao method="nfeRetAutorizacaoLote" operation="NFeRetAutorizacao4" version="4.00"></NfeRetAutorizacao>
            <RecepcaoEvento method="nfeRecepcaoEvento" operation="NFeRecepcaoEvento4" version="1.00"></RecepcaoEvento>
            <NfeConsultaCadastro method="consultaCadastro4" operation="CadConsultaCadastro4" version="4.00"></NfeConsultaCadastro>
        </producao>
    </UF>
    <UF>
        <sigla>PR</sigla>
        <homologacao>
            <NfeStatusServico method="nfeStatusServicoNF" operation="NFeStatusServico4" version="4.00">https://homologacao.nfe.sefa.pr.gov.br/nfe/NFeStatusServico4</NfeStatusServico>
            <NfeAutorizacao method="nfeAutorizacaoLote" operation="NFeAutorizacao4" version="4.00">https://homologacao.nfe.sefa.pr.gov.br/nfe/NFeAutorizacao4</NfeAutorizacao>
            <NfeConsultaProtocolo method="nfeConsultaNF" operation="NFeConsulta4" version="4.00">https://homologacao.nfe.sefa.pr.gov.br/nfe/NFeConsultaProtocolo4</NfeConsultaProtocolo>
            <NfeInutilizacao method="nfeInutilizacaoNF" operation="NFeInutilizacao4" version="4.00">https://homologacao.nfe.sefa.pr.gov.br/nfe/NFeInutilizacao4</NfeInutilizacao>
            <NfeRetAutorizacao method="nfeRetAutorizacao" operation="NFeRetAutorizacao4" version="4.00">https://homologacao.nfe.sefa.pr.gov.br/nfe/NFeRetAutorizacao4</NfeRetAutorizacao>
            <RecepcaoEvento method="nfeRecepcaoEventoNF" operation="NFeRecepcaoEvento4" version="1.00">https://homologacao.nfe.sefa.pr.gov.br/nfe/NFeRecepcaoEvento4</RecepcaoEvento>
            <NfeConsultaCadastro method="consultaCadastro4" operation="CadConsultaCadastro4" version="4.00">https://homologacao.nfe.sefa.pr.gov.br/nfe/CadConsultaCadastro4</NfeConsultaCadastro>
        </homologacao>
        <producao>
            <NfeStatusServico method="nfeStatusServicoNF" operation="NFeStatusServico4" version="4.00">https://nfe.sefa.pr.gov.br/nfe/NFeStatusServico4</NfeStatusServico>
            <NfeAutorizacao method="nfeAutorizacaoLote" operation="NFeAutorizacao4" version="4.00">https://nfe.sefa.pr.gov.br/nfe/NFeAutorizacao4</NfeAutorizacao>
            <NfeConsultaProtocolo method="nfeConsultaNF" operation="NFeConsulta4" version="4.00">https://nfe.sefa.pr.gov.br/nfe/NFeConsultaProtocolo4</NfeConsultaProtocolo>
            <NfeInutilizacao method="nfeInutilizacaoNF" operation="NFeInutilizacao4" version="4.00">https://nfe.sefa.pr.gov.br/nfe/NFeInutilizacao4</NfeInutilizacao>
            <NfeRetAutorizacao method="nfeRetAutorizacao" operation="NFeRetAutorizacao4" version="4.00">https://nfe.sefa.pr.gov.br/nfe/NFeRetAutorizacao4</NfeRetAutorizacao>
            <RecepcaoEvento method="nfeRecepcaoEventoNF" operation="NFeRecepcaoEvento4" version="1.00">https://nfe.sefa.pr.gov.br/nfe/NFeRecepcaoEvento4</RecepcaoEvento>
            <NfeConsultaCadastro method="consultaCadastro4" operation="CadConsultaCadastro4" version="4.00">https://nfe.sefa.pr.gov.br/nfe/CadConsultaCadastro4</NfeConsultaCadastro>
        </producao>
    </UF>
    <UF>
        <sigla>RS</sigla>
        <homologacao>
            <NfeStatusServico method="nfeStatusServicoNF" operation="NFeStatusServico4" version="4.00">https://nfe-homologacao.sefazrs.rs.gov.br/ws/NfeStatusServico/NfeStatusServico4.asmx</NfeStatusServico>
            <NfeAutorizacao method="nfeAutorizacaoLote" operation="NFeAutorizacao4" version="4.00">https://nfe-homologacao.sefazrs.rs.gov.br/ws/NfeAutorizacao/NFeAutorizacao4.asmx</NfeAutorizacao>
            <NfeConsultaProtocolo method="nfeConsultaNF" operation="NFeConsultaProtocolo4" version="4.00">https://nfe-homologacao.sefazrs.rs.gov.br/ws/NfeConsulta/NfeConsulta4.asmx</NfeConsultaProtocolo>
            <NfeInutilizacao method="nfeInutilizacaoNF" operation="NFeInutilizacao4" version="4.00">https://nfe-homologacao.sefazrs.rs.gov.br/ws/nfeinutilizacao/nfeinutilizacao4.asmx</NfeInutilizacao>
            <NfeRetAutorizacao method="nfeRetAutorizacaoLote" operation="NFeRetAutorizacao4" version="4.00">https://nfe-homologacao.sefazrs.rs.gov.br/ws/NfeRetAutorizacao/NFeRetAutorizacao4.asmx</NfeRetAutorizacao>
            <RecepcaoEvento method="nfeRecepcaoEvento" operation="NFeRecepcaoEvento4" version="1.00">https://nfe-homologacao.sefazrs.rs.gov.br/ws/recepcaoevento/recepcaoevento4.asmx</RecepcaoEvento>
            <NfeConsultaCadastro method="consultaCadastro4" operation="CadConsultaCadastro4" version="4.00"></NfeConsultaCadastro>
        </homologacao>
        <producao>
            <NfeStatusServico method="nfeStatusServicoNF" operation="NFeStatusServico4" version="4.00">https://nfe.sefazrs.rs.gov.br/ws/NfeStatusServico/NfeStatusServico4.asmx</NfeStatusServico>
            <NfeAutorizacao method="nfeAutorizacaoLote" operation="NFeAutorizacao4" version="4.00">https://nfe.sefazrs.rs.gov.br/ws/NfeAutorizacao/NFeAutorizacao4.asmx</NfeAutorizacao>
            <NfeConsultaProtocolo method="nfeConsultaNF" operation="NFeConsultaProtocolo4" version="4.00">https://nfe.sefazrs.rs.gov.br/ws/NfeConsulta/NfeConsulta4.asmx</NfeConsultaProtocolo>
            <NfeInutilizacao method="nfeInutilizacaoNF" operation="NFeInutilizacao4" version="4.00">https://nfe.sefazrs.rs.gov.br/ws/nfeinutilizacao/nfeinutilizacao4.asmx</NfeInutilizacao>
            <NfeRetAutorizacao method="nfeRetAutorizacaoLote" operation="NFeRetAutorizacao4" version="4.00">https://nfe.sefazrs.rs.gov.br/ws/NfeRetAutorizacao/NFeRetAutorizacao4.asmx</NfeRetAutorizacao>
            <RecepcaoEvento method="nfeRecepcaoEvento" operation="NFeRecepcaoEvento4" version="1.00">https://nfe.sefazrs.rs.gov.br/ws/recepcaoevento/recepcaoevento4.asmx</RecepcaoEvento>
            <NfeConsultaCadastro method="consultaCadastro4" operation="CadConsultaCadastro4" version="4.00">https://nfe.sefazrs.rs.gov.br/ws/recepcaoevento/CadConsultaCadastro4.asmx</NfeConsultaCadastro>        
        </producao>    
    </UF>
    <UF>
        <sigla>SP</sigla>
        <homologacao>
            <NfeStatusServico method="nfeStatusServicoNF" operation="NFeStatusServico4" version="4.00">https://homologacao.nfe.fazenda.sp.gov.br/ws/nfestatusservico4.asmx</NfeStatusServico>
            <NfeAutorizacao method="nfeAutorizacaoLote" operation="NFeAutorizacao4" version="4.00">https://homologacao.nfe.fazenda.sp.gov.br/ws/nfeautorizacao4.asmx</NfeAutorizacao>
            <NfeConsultaProtocolo method="nfeConsultaNF" operation="NFeConsultaProtocolo4" version="4.00">https://homologacao.nfe.fazenda.sp.gov.br/ws/nfeconsultaprotocolo4.asmx</NfeConsultaProtocolo>
            <NfeInutilizacao method="nfeInutilizacaoNF" operation="NFeInutilizacao4" version="4.00">https://homologacao.nfe.fazenda.sp.gov.br/ws/nfeinutilizacao4.asmx</NfeInutilizacao>
            <NfeRetAutorizacao method="nfeRetAutorizacaoLote" operation="NFeRetAutorizacao4" version="4.00">https://homologacao.nfe.fazenda.sp.gov.br/ws/nferetautorizacao4.asmx</NfeRetAutorizacao>
            <RecepcaoEvento method="nfeRecepcaoEvento" operation="NFeRecepcaoEvento4" version="1.00">https://homologacao.nfe.fazenda.sp.gov.br/ws/nferecepcaoevento4.asmx</RecepcaoEvento>
            <NfeConsultaCadastro method="consultaCadastro" operation="CadConsultaCadastro4" version="2.00">https://homologacao.nfe.fazenda.sp.gov.br/ws/cadconsultacadastro4.asmx</NfeConsultaCadastro>
        </homologacao>
        <producao>
            <NfeStatusServico method="nfeStatusServicoNF" operation="NFeStatusServico4" version="4.00">https://nfe.fazenda.sp.gov.br/ws/nfestatusservico4.asmx</NfeStatusServico>
            <NfeAutorizacao method="nfeAutorizacaoLote" operation="NFeAutorizacao4" version="4.00">https://nfe.fazenda.sp.gov.br/ws/nfeautorizacao4.asmx</NfeAutorizacao>
            <NfeConsultaProtocolo method="nfeConsultaNF" operation="NFeConsultaProtocolo4" version="4.00">https://nfe.fazenda.sp.gov.br/ws/nfeconsultaprotocolo4.asmx</NfeConsultaProtocolo>
            <NfeInutilizacao method="nfeInutilizacaoNF" operation="NFeInutilizacao4" version="4.00">https://nfe.fazenda.sp.gov.br/ws/nfeinutilizacao4.asmx</NfeInutilizacao>
            <NfeRetAutorizacao method="nfeRetAutorizacaoLote" operation="NFeRetAutorizacao4" version="4.00">https://nfe.fazenda.sp.gov.br/ws/nferetautorizacao4.asmx</NfeRetAutorizacao>
            <RecepcaoEvento method="nfeRecepcaoEvento" operation="NFeRecepcaoEvento4" version="1.00">https://nfe.fazenda.sp.gov.br/ws/nferecepcaoevento4.asmx</RecepcaoEvento>
            <NfeConsultaCadastro method="consultaCadastro" operation="CadConsultaCadastro4" version="2.00">https://nfe.fazenda.sp.gov.br/ws/cadconsultacadastro4.asmx</NfeConsultaCadastro>
        </producao>
    </UF>
    <UF>
        <sigla>SVAN</sigla>
        <homologacao>
            <NfeStatusServico method="nfeStatusServicoNF" operation="NFeStatusServico4" version="4.00">https://hom.sefazvirtual.fazenda.gov.br/NFeStatusServico4/NFeStatusServico4.asmx</NfeStatusServico>
            <NfeAutorizacao method="nfeAutorizacaoLote" operation="NFeAutorizacao4" version="4.00">https://hom.sefazvirtual.fazenda.gov.br/NFeAutorizacao4/NFeAutorizacao4.asmx</NfeAutorizacao>
            <NfeConsultaProtocolo method="nfeConsultaNF" operation="NFeConsulta4" version="4.00">https://hom.sefazvirtual.fazenda.gov.br/NFeConsultaProtocolo4/NFeConsultaProtocolo4.asmx</NfeConsultaProtocolo>
            <NfeInutilizacao method="nfeInutilizacaoNF" operation="NFeInutilizacao4" version="4.00">https://hom.sefazvirtual.fazenda.gov.br/NFeInutilizacao4/NFeInutilizacao4.asmx</NfeInutilizacao>
            <NfeRetAutorizacao method="nfeRetAutorizacaoLote" operation="NFeRetAutorizacao4" version="4.00">https://hom.sefazvirtual.fazenda.gov.br/NFeRetAutorizacao4/NFeRetAutorizacao4.asmx</NfeRetAutorizacao>
            <RecepcaoEvento method="nfeRecepcaoEvento" operation="NFeRecepcaoEvento4" version="1.00">https://hom.sefazvirtual.fazenda.gov.br/NFeRecepcaoEvento4/NFeRecepcaoEvento4.asmx</RecepcaoEvento>
            <NfeConsultaCadastro method="consultaCadastro4" operation="CadConsultaCadastro4" version="4.00"></NfeConsultaCadastro>
        </homologacao>
        <producao>
            <NfeStatusServico method="nfeStatusServicoNF" operation="NFeStatusServico4" version="4.00">https://www.sefazvirtual.fazenda.gov.br/NFeStatusServico4/NFeStatusServico4.asmx</NfeStatusServico>
            <NfeAutorizacao method="nfeAutorizacaoLote" operation="NFeAutorizacao4" version="4.00">https://www.sefazvirtual.fazenda.gov.br/NFeAutorizacao4/NFeAutorizacao4.asmx</NfeAutorizacao>
            <NfeConsultaProtocolo method="nfeConsultaNF" operation="NFeConsulta4" version="4.00">https://www.sefazvirtual.fazenda.gov.br/NFeConsultaProtocolo4/NFeConsultaProtocolo4.asmx</NfeConsultaProtocolo>
            <NfeInutilizacao method="nfeInutilizacaoNF" operation="NFeInutilizacao4" version="4.00">https://www.sefazvirtual.fazenda.gov.br/NFeInutilizacao4/NFeInutilizacao4.asmx</NfeInutilizacao>
            <NfeRetAutorizacao method="nfeRetAutorizacaoLote" operation="NFeRetAutorizacao4" version="4.00">https://www.sefazvirtual.fazenda.gov.br/NFeRetAutorizacao4/NFeRetAutorizacao4.asmx</NfeRetAutorizacao>
            <RecepcaoEvento method="nfeRecepcaoEvento" operation="NFeRecepcaoEvento4" version="1.00">https://www.sefazvirtual.fazenda.gov.br/NFeRecepcaoEvento4/NFeRecepcaoEvento4.asmx</RecepcaoEvento>
            <NfeConsultaCadastro method="consultaCadastro4" operation="CadConsultaCadastro4" version="4.00"></NfeConsultaCadastro>
        </producao>
    </UF>
    <UF>
        <sigla>SVRS</sigla>
        <homologacao>
            <NfeStatusServico method="nfeStatusServicoNF" operation="NFeStatusServico4" version="4.00">https://nfe-homologacao.svrs.rs.gov.br/ws/NfeStatusServico/NfeStatusServico4.asmx</NfeStatusServico>
            <NfeAutorizacao method="nfeAutorizacaoLote" operation="NFeAutorizacao4" version="4.00">https://nfe-homologacao.svrs.rs.gov.br/ws/NfeAutorizacao/NFeAutorizacao4.asmx</NfeAutorizacao>
            <NfeConsultaProtocolo method="nfeConsultaNF" operation="NFeConsultaProtocolo4" version="4.00">https://nfe-homologacao.svrs.rs.gov.br/ws/NfeConsulta/NfeConsulta4.asmx</NfeConsultaProtocolo>
            <NfeInutilizacao method="nfeInutilizacaoNF" operation="NFeInutilizacao4" version="4.00">https://nfe-homologacao.svrs.rs.gov.br/ws/nfeinutilizacao/nfeinutilizacao4.asmx</NfeInutilizacao>
            <NfeRetAutorizacao method="nfeRetAutorizacaoLote" operation="NFeRetAutorizacao4" version="4.00">https://nfe-homologacao.svrs.rs.gov.br/ws/NfeRetAutorizacao/NFeRetAutorizacao4.asmx</NfeRetAutorizacao>
            <RecepcaoEvento method="nfeRecepcaoEvento" operation="NFeRecepcaoEvento4" version="1.00">https://nfe-homologacao.svrs.rs.gov.br/ws/recepcaoevento/recepcaoevento4.asmx</RecepcaoEvento>
            <NfeConsultaCadastro method="consultaCadastro4" operation="CadConsultaCadastro4" version="4.00"></NfeConsultaCadastro>
        </homologacao>
        <producao>
            <NfeStatusServico method="nfeStatusServicoNF" operation="NFeStatusServico4" version="4.00"></NfeStatusServico>
            <NfeAutorizacao method="nfeAutorizacaoLote" operation="NFeAutorizacao4" version="4.00"></NfeAutorizacao>
            <NfeConsultaProtocolo method="nfeConsultaNF" operation="NFeConsulta4" version="4.00"></NfeConsultaProtocolo>
            <NfeInutilizacao method="nfeInutilizacaoNF" operation="NFeInutilizacao4" version="4.00"></NfeInutilizacao>
            <NfeRetAutorizacao method="nfeRetAutorizacaoLote" operation="NFeRetAutorizacao4" version="4.00"></NfeRetAutorizacao>
            <RecepcaoEvento method="nfeRecepcaoEvento" operation="NFeRecepcaoEvento4" version="1.00"></RecepcaoEvento>
            <NfeConsultaCadastro method="consultaCadastro4" operation="CadConsultaCadastro4" version="4.00"></NfeConsultaCadastro>
        </producao>
    </UF>
    <UF>
        <sigla>SVCAN</sigla>
        <homologacao>
            <NfeStatusServico method="nfeStatusServicoNF" operation="NFeStatusServico4" version="4.00">https://hom.svc.fazenda.gov.br/NFeStatusServico4/NFeStatusServico4.asmx</NfeStatusServico>
            <NfeAutorizacao method="nfeAutorizacaoLote" operation="NFeAutorizacao4" version="4.00">https://hom.svc.fazenda.gov.br/NFeAutorizacao4/NFeAutorizacao4.asmx</NfeAutorizacao>
            <NfeConsultaProtocolo method="nfeConsultaNF" operation="NFeConsulta4" version="4.00">https://hom.svc.fazenda.gov.br/NFeConsultaProtocolo4/NFeConsultaProtocolo4.asmx</NfeConsultaProtocolo>
            <NfeInutilizacao method="nfeInutilizacaoNF" operation="NFeInutilizacao4" version="4.00"></NfeInutilizacao>
            <NfeRetAutorizacao method="nfeRetAutorizacaoLote" operation="NFeRetAutorizacao4" version="4.00">https://hom.svc.fazenda.gov.br/NFeRetAutorizacao4/NFeRetAutorizacao4.asmx</NfeRetAutorizacao>
            <RecepcaoEvento method="nfeRecepcaoEvento" operation="NFeRecepcaoEvento4" version="1.00">https://hom.svc.fazenda.gov.br/NFeRecepcaoEvento4/NFeRecepcaoEvento4.asmx</RecepcaoEvento>
            <NfeConsultaCadastro method="consultaCadastro4" operation="CadConsultaCadastro4" version="4.00"></NfeConsultaCadastro>
        </homologacao>
        <producao>
            <NfeStatusServico method="nfeStatusServicoNF" operation="NFeStatusServico4" version="4.00">https://svc.fazenda.gov.br/NFeStatusServico4/NFeStatusServico4.asmx</NfeStatusServico>
            <NfeAutorizacao method="nfeAutorizacaoLote" operation="NFeAutorizacao4" version="4.00">https://svc.fazenda.gov.br/NFeAutorizacao4/NFeAutorizacao4.asmx</NfeAutorizacao>
            <NfeConsultaProtocolo method="nfeConsultaNF" operation="NFeConsulta4" version="4.00">https://svc.fazenda.gov.br/NFeConsultaProtocolo4/NFeConsultaProtocolo4.asmx</NfeConsultaProtocolo>
            <NfeInutilizacao method="nfeInutilizacaoNF" operation="NFeInutilizacao4" version="4.00"></NfeInutilizacao>
            <NfeRetAutorizacao method="nfeRetAutorizacaoLote" operation="NFeRetAutorizacao4" version="4.00">https://svc.fazenda.gov.br/NFeRetAutorizacao4/NFeRetAutorizacao4.asmx</NfeRetAutorizacao>
            <RecepcaoEvento method="nfeRecepcaoEvento" operation="NFeRecepcaoEvento4" version="1.00">https://svc.fazenda.gov.br/NFeRecepcaoEvento4/NFeRecepcaoEvento4.asmx</RecepcaoEvento>
            <NfeConsultaCadastro method="consultaCadastro4" operation="CadConsultaCadastro4" version="4.00"></NfeConsultaCadastro>
        </producao>
    </UF>    
    <UF>
        <sigla>SVCRS</sigla>
        <homologacao>
            <NfeStatusServico method="nfeStatusServicoNF" operation="NFeStatusServico4" version="4.00"></NfeStatusServico>
            <NfeAutorizacao method="nfeAutorizacaoLote" operation="NFeAutorizacao4" version="4.00"></NfeAutorizacao>
            <NfeConsultaProtocolo method="nfeConsultaNF" operation="NFeConsulta4" version="4.00"></NfeConsultaProtocolo>
            <NfeInutilizacao method="nfeInutilizacaoNF" operation="NFeInutilizacao4" version="4.00"></NfeInutilizacao>
            <NfeRetAutorizacao method="nfeRetAutorizacaoLote" operation="NFeRetAutorizacao4" version="4.00"></NfeRetAutorizacao>
            <RecepcaoEvento method="nfeRecepcaoEvento" operation="NFeRecepcaoEvento4" version="1.00"></RecepcaoEvento>
            <NfeConsultaCadastro method="consultaCadastro4" operation="CadConsultaCadastro4" version="4.00"></NfeConsultaCadastro>
        </homologacao>
        <producao>
            <NfeStatusServico method="nfeStatusServicoNF" operation="NFeStatusServico4" version="4.00"></NfeStatusServico>
            <NfeAutorizacao method="nfeAutorizacaoLote" operation="NFeAutorizacao4" version="4.00"></NfeAutorizacao>
            <NfeConsultaProtocolo method="nfeConsultaNF" operation="NFeConsulta4" version="4.00"></NfeConsultaProtocolo>
            <NfeInutilizacao method="nfeInutilizacaoNF" operation="NFeInutilizacao4" version="4.00"></NfeInutilizacao>
            <NfeRetAutorizacao method="nfeRetAutorizacaoLote" operation="NFeRetAutorizacao4" version="4.00"></NfeRetAutorizacao>
            <RecepcaoEvento method="nfeRecepcaoEvento" operation="NFeRecepcaoEvento4" version="1.00"></RecepcaoEvento>
            <NfeConsultaCadastro method="consultaCadastro4" operation="CadConsultaCadastro4" version="4.00"></NfeConsultaCadastro>
        </producao>
    </UF>
</WS>
