<?xml version="1.0" encoding="UTF-8"?>
<NFe xmlns="http://www.portalfiscal.inf.br/nfe"><infNFe Id="NFe43171221996226000164650010000000011000008716" versao="3.10"><ide><cUF>43</cUF><cNF>00000871</cNF><natOp>VENDA</natOp><indPag>0</indPag><mod>65</mod><serie>1</serie><nNF>1</nNF><dhEmi>2017-12-11T11:29:52-02:00</dhEmi><tpNF>1</tpNF><idDest>1</idDest><cMunFG>4307005</cMunFG><tpImp>4</tpImp><tpEmis>1</tpEmis><cDV>6</cDV><tpAmb>2</tpAmb><finNFe>1</finNFe><indFinal>1</indFinal><indPres>1</indPres><procEmi>0</procEmi><verProc>v4.1</verProc></ide><emit><CNPJ>21996226000164</CNPJ><xNome>Pronto Pet Clinica Veterinaria</xNome><xFant>Pronto Pet</xFant><enderEmit><xLgr>Rua Torres Goncalves</xLgr><nro>256</nro><xBairro>Centro</xBairro><cMun>4307005</cMun><xMun>Erechim</xMun><UF>RS</UF><CEP>99700422</CEP><cPais>1058</cPais><xPais>Brasil</xPais></enderEmit><IE>0390174319</IE><CRT>1</CRT></emit><autXML><CNPJ>21996226000164</CNPJ></autXML><det nItem="1"><prod><cProd>502</cProd><cEAN/><xProd>NOTA FISCAL EMITIDA EM AMBIENTE DE HOMOLOGACAO - SEM VALOR FISCAL</xProd><NCM>30023090</NCM><CFOP>5101</CFOP><uCom>UN</uCom><qCom>1</qCom><vUnCom>55</vUnCom><vProd>55</vProd><cEANTrib/><uTrib>UN</uTrib><qTrib>1</qTrib><vUnTrib>55</vUnTrib><indTot>1</indTot></prod><imposto><vTotTrib>0</vTotTrib><ICMS><ICMSSN102><orig>0</orig><CSOSN>400</CSOSN></ICMSSN102></ICMS></imposto></det><det nItem="2"><prod><cProd>504</cProd><cEAN/><xProd>NOTA FISCAL EMITIDA EM AMBIENTE DE HOMOLOGACAO - SEM VALOR FISCAL</xProd><NCM>30049069</NCM><CFOP>5101</CFOP><uCom>UN</uCom><qCom>1</qCom><vUnCom>55</vUnCom><vProd>55</vProd><cEANTrib/><uTrib>UN</uTrib><qTrib>1</qTrib><vUnTrib>55</vUnTrib><indTot>1</indTot></prod><imposto><vTotTrib>0</vTotTrib><ICMS><ICMSSN102><orig>0</orig><CSOSN>400</CSOSN></ICMSSN102></ICMS></imposto></det><total><ICMSTot><vBC>0.00</vBC><vICMS>0.00</vICMS><vICMSDeson>0.00</vICMSDeson><vBCST>0.00</vBCST><vST>0.00</vST><vProd>110.00</vProd><vFrete>0.00</vFrete><vSeg>0.00</vSeg><vDesc>0.00</vDesc><vII>0.00</vII><vIPI>0.00</vIPI><vPIS>0.00</vPIS><vCOFINS>0.00</vCOFINS><vOutro>0.00</vOutro><vNF>110.00</vNF></ICMSTot></total><transp><modFrete>1</modFrete></transp><infAdic/></infNFe></NFe>
