<?xml version="1.0" encoding="UTF-8"?>
<NFe xmlns="http://www.portalfiscal.inf.br/nfe"><infNFe Id="NFe43150221996226000164550010000001231000008710" versao="3.10"><ide><cUF>43</cUF><cNF>00000871</cNF><natOp>VENDA</natOp><indPag>0</indPag><mod>55</mod><serie>1</serie><nNF>123</nNF><dhEmi>2015-02-19T13:48:00-02:00</dhEmi><tpNF>1</tpNF><idDest>1</idDest><cMunFG>4307005</cMunFG><tpImp>1</tpImp><tpEmis>1</tpEmis><cDV>0</cDV><tpAmb>2</tpAmb><finNFe>1</finNFe><indFinal>0</indFinal><indPres>9</indPres><procEmi>0</procEmi><verProc>1.0.0</verProc></ide><emit><CNPJ>21996226000164</CNPJ><xNome>FERNANDA WITZGALL ME</xNome><xFant>Clinica Veterinaria Fernanda Witzgall</xFant><enderEmit><xLgr>Rua Torres Goncalves</xLgr><nro>156</nro><xBairro>Centro</xBairro><cMun>4307005</cMun><xMun>Erechim</xMun><UF>RS</UF><CEP>99700422</CEP><cPais>1058</cPais><xPais>Brasil</xPais><fone>5499683888</fone></enderEmit><IE>0390174319</IE><CRT>1</CRT></emit><dest><CPF>01852675055</CPF><xNome>NF-E EMITIDA EM AMBIENTE DE HOMOLOGACAO - SEM VALOR FISCAL</xNome><enderDest><xLgr>Rua João Paulo I</xLgr><nro>585</nro><xBairro>Três Vendas</xBairro><cMun>4307005</cMun><xMun>Erechim</xMun><UF>RS</UF><CEP>99713220</CEP><cPais>1058</cPais><xPais>BRASIL</xPais><fone>54996227898</fone></enderDest><indIEDest>9</indIEDest><email>guimadalozzo@gmail.com</email></dest><entrega><CPF>01852675055</CPF><xLgr>Rua João Paulo I</xLgr><nro>585</nro><xBairro>Três Vendas</xBairro><cMun>4307005</cMun><xMun>Erechim</xMun><UF>RS</UF></entrega><autXML><CNPJ>21996226000164</CNPJ></autXML><det nItem="1"><prod><cProd>1</cProd><cEAN/><xProd>Vanguard Plus 1DS</xProd><NCM>30023090</NCM><CFOP>5102</CFOP><uCom>UN</uCom><qCom>1</qCom><vUnCom>55</vUnCom><vProd>55</vProd><cEANTrib/><uTrib>UN</uTrib><qTrib>1</qTrib><vUnTrib>55</vUnTrib><indTot>1</indTot></prod><imposto><vTotTrib>0</vTotTrib><ICMS><ICMSSN102><orig>0</orig><CSOSN>400</CSOSN></ICMSSN102></ICMS></imposto><infAdProd>Informacoes adicionais do produto.</infAdProd></det><total><ICMSTot><vBC>0.00</vBC><vICMS>0.00</vICMS><vICMSDeson>0.00</vICMSDeson><vBCST>0.00</vBCST><vST>0.00</vST><vProd>100.00</vProd><vFrete>0.00</vFrete><vSeg>0.00</vSeg><vDesc>0.00</vDesc><vII>0.00</vII><vIPI>0.00</vIPI><vPIS>0.00</vPIS><vCOFINS>0.00</vCOFINS><vOutro>0.00</vOutro><vNF>100.00</vNF></ICMSTot></total><transp><modFrete>1</modFrete></transp><infAdic/></infNFe></NFe>
